uid,mtime,uname,vipType,level,sex,sign
475719887,1632576145,少年怎能抵温柔,0,4,保密,人类，是世界上最大的生产力。
106400726,1632576162,ilikegogo,1,5,保密,
392549697,1632576161,亚勒西诺夫,1,4,保密,
312749223,1632576173,morpheus123玉玉,0,3,保密,
702106178,1632576170,巡查员白米,0,2,保密,冲击15庄！_(:з」∠)_
415499474,1632576174,嗨港港,0,4,保密,等等
1183132477,1632576148,G-E-M-鄧紫棋,1,3,男,
630756004,1632576157,ctt25800,1,3,保密,
508279489,1632576156,晴朗的糖醋排骨,0,3,保密,
489982276,1632576154,探索生活的美好,0,3,保密,大家开心就好
646164866,1632576154,小家雀n,0,3,保密,
345745589,1632576149,程迪尔,0,4,保密,
297183791,1632576172,ゞo紸縡者oヤ,0,4,保密,
474975133,1632576174,不是很浪漫-,0,3,保密,
256169092,1632576143,小女子不爱玫瑰香,1,5,保密,不与弱智论长短论完了你也成弱智了不值太不值了
283022243,1632576138,gaga0908,2,3,保密,
472227575,1632576172,bili_19843392498,1,2,保密,
377217848,1632576130,TellingSAMA,1,4,保密,
1244305016,1632576174,bili_65365046085,0,0,保密,
441751072,1632576096,bili_59264336319,1,4,保密,
183598160,1632576132,世嘉还好,0,0,保密,
521848692,1632576162,爱搬砖挖煤,2,0,保密,爱搬砖挖斤
442745755,1632576167,Tetroye,0,4,保密,
344513721,1632576116,47445566445_bili,0,0,保密,
10526757,1632576164,こう太郎,1,6,保密,一
19988879,1632576059,剑-雪-封-禅-,2,6,男,无为
485788043,1632576126,塔楼无一物,0,3,保密,
8576010,1632576056,碳酸佳奇,2,6,保密,狮子熊卡的CP粉。
570039650,1632576052,蓝色爱情123,0,2,保密,
314597109,1632576096,硚口一只耳,1,2,保密,
160227657,1632576070,Dear_laugh,2,5,保密,ⓘ该账号封禁中
394939119,1632576139,煮个兔,0,4,保密,
503362885,1632576137,红红火火阿芳,0,0,保密,
515285848,1632576147,小675,1,2,保密,
125054098,1632576148,我会发着呆然后望着你,2,5,保密,
25585080,1632576147,我的世界有多远,1,4,保密,
382512677,1632576068,小露宝的姐姐,0,4,保密,
506402408,1632576143,一一趴下,0,4,保密,
496349820,1632576061,下yu不打伞,0,3,保密,
352719466,1632576124,93107128615_bili,0,3,保密,
14338150,1632576066,伊利丹灬怒风,1,4,保密,
429968117,1632576080,大葱头呆呆,1,4,保密,
121915253,1632576047,阿纳托利_列夫捷特,2,4,保密,红星照耀着未知的远方
481487548,1632576101,地球的黑洞,2,5,保密,柯学家
385523145,1632576108,奶瓶LWP,1,4,保密,心存感激，享受生活
270430155,1632576106,蘑菇汤头呀,2,4,保密,
124101381,1632576096,爱笑的养乐多,1,4,保密,嘿，朱迪
1621360578,1632576055,bili_91520730089,0,0,保密,
174628644,1632576050,繁去文,2,5,保密,
1885949683,1632576166,胖抱抱UU,0,2,保密,
341453150,1632576109,98205630447_bili,0,4,保密,
448016279,1632576094,愛吃巧克力的君子,1,5,保密,
472112448,1632576066,老龙口红龙,0,3,保密,
1968329049,1632576155,春风拂过水陌陌,0,0,保密,
549881755,1632576054,木公FLY,0,2,保密,
28591056,1632576103,二十五岁的野狗,1,4,保密,
641512338,1632576104,bili_92274099790,0,2,保密,
105531580,1632576148,威龙我的船长,0,5,保密,
378006210,1632576091,HiMiss丶L,1,4,保密,
11753298,1632576100,月光满心,2,5,保密,
16014395,1632576132,大哥哥在你家,0,4,保密,
482922883,1632576112,快乐的YYY,0,2,保密,
1806876737,1632576130,Lambert小刘要考研,0,3,男,
139761042,1632576076,玩游戏已在坑,0,4,保密,
316296207,1632576110,shsttoo,1,4,保密,
177250942,1632576162,鸠江丶大聪明,0,3,保密,
415495579,1632576108,非常规生物,0,2,保密,
28000927,1632576168,盒中盒小盒,0,5,保密,
436822316,1632576150,鲁奕宸lyc,0,3,保密,我就是我
590639793,1632576072,政涵21,0,3,保密,
383305643,1632576101,夏夕kk,0,3,保密,
525081379,1632576096,yok996,0,4,保密,
525269197,1632576094,偶尔会想吃鱼,1,3,保密,
251644378,1632576056,驰二蛋蛋,2,4,保密,
345340874,1632576129,高桥凉介zzzzz,0,4,保密,
52795730,1632576066,观月十九,2,5,保密,但将行好事，莫要问前程
311860733,1632576170,大雄aaaaa,0,0,保密,
60165198,1632576054,爱天边那朵云,1,5,保密,
383478669,1632576163,SunTutu-,0,0,保密,
342556178,1632576144,BeetleCola,0,4,保密,我想做这个世界上最自由的人
512239530,1632576155,我是MiCorazon,0,4,保密,
162957093,1632576077,大菠萝蜜子,0,0,保密,
606234607,1632576069,独行得猪,0,2,保密,
17464044,1632576105,WuDuYou,1,5,保密,
485171530,1632576064,yeyexcx,0,2,保密,
189601473,1632576108,顾阮GR,1,4,保密,你是我在 α 波里想念的人
1513937732,1632576055,bili_21168717205,0,0,保密,
1703047595,1632576101,吾书荒了,0,3,保密,
673976716,1632576107,bili_44667910940,0,3,保密,
385178274,1632576095,刘明很长,1,4,保密,叽叽呱呱叽叽咕咕叽叽嘎嘎
439471365,1632576049,47957174277_bili,0,4,保密,
24785272,1632576049,麻辣五香炒鸡蛋,0,5,保密,不晓得写啥！就酱紫
263249597,1632576059,烧仙草615,1,3,保密,
568295182,1632576084,流浪者皮蛋,1,4,保密,
1542095649,1632576048,bili_38612157151,0,2,保密,
245616848,1632576056,快乐大猪lkwind,0,4,保密,
474108054,1632576111,见一十七岁,0,4,保密,
1760886272,1632576052,必中勒,0,2,保密,
1942054958,1632576091,斜日染红了裙边,0,2,保密,
1300565083,1632576044,曦涣㯖,0,2,保密,        
621511416,1632576043,南风忆扶摇,0,2,保密,
35328236,1632576038,单核细胞有点儿可爱,1,5,保密,尘世中一个迷途小医僧
38456556,1632576037,小怪blue,2,4,保密,当下最重要！！！
475628627,1632576024,沉--舟,1,5,保密,
555783954,1632576014,黄渤男友,0,2,保密,这个人真狗，什么也没留下
256950765,1632576028,allendisir1114,0,2,保密,
430301956,1632576030,YvetteShi,1,5,保密,
31237300,1632576019,莫简离4583,2,4,保密,
441762367,1632576030,独爱一条柴柴,0,3,保密,
516082009,1632576015,bili_72785367348,0,2,保密,
324478262,1632576036,MG7l,1,0,保密,
21835703,1632576024,香菇君子,1,4,保密,
108547090,1632576035,玑渊玑渊,0,5,保密,yooooooooooooooooooooooo
21865804,1632576035,bone0204,2,4,保密,诶我擦！
75126578,1632576038,bldmer,1,5,保密,
385765812,1632576031,金智远,1,4,保密,
388634489,1632576046,咋就这么贱呢,2,4,保密,
29098496,1632576044,得得你说的都对,2,4,保密,
696548442,1632576029,幸福美满阖家欢乐,0,4,女,虽然我会关注我稍微会有点感兴趣的人，但我不会一直留意他的一举一动，因为我也有自己的生活，我也在努力地好好生活，互相欣赏彼此成就
14191883,1632576020,诗人小分队,1,5,保密,是时候表演真正的技术了！
335628688,1632576021,嬉丶皮猴,0,5,保密,
17281926,1632576008,一轻水一,2,5,保密,传说无敌究究极水
497589817,1632576019,萝卜打兔子,2,4,保密,
73006790,1632576028,TungsiDo,1,3,保密,
302505370,1632576023,cdxqzx,0,3,保密,
508486,1632576026,-HERO-鲁比,2,5,男,
10166931,1632576001,二鱼y,2,5,保密,这口狗粮 我不吃
44335429,1632576028,夏天的风新站,1,5,保密,
391554826,1632576003,桐桐飞啊飞,1,5,保密,
288276616,1632576022,一夏季熬成一个秋,1,5,保密,
353140927,1632576061,醉影成三人1,1,4,保密,
510470429,1632576011,阿岩考二建,0,2,保密,
519031449,1632576034,张坚强zrj,0,0,保密,
302156423,1632575981,塞尔达文明,1,4,保密,
1696265607,1632575997,bili_79843038598,1,3,保密,
359413980,1632575947,66666hhhsh,1,4,保密,
505147167,1632575938,bili_87682836163,0,0,保密,
688055848,1632575945,8_号,1,4,保密,
30169622,1632575989,帅酸枣,0,3,保密,
478620836,1632575927,lifemate1510,0,4,保密,
108211394,1632575927,粒子姐乚,1,5,保密,等你-0819
195535972,1632575971,第四123,0,4,保密,
389246327,1632575927,宋看待斯,2,5,保密,
3413852,1632575996,夏唯0416,0,5,保密,
271435403,1632575977,红熊猫大人,2,5,保密,
16205578,1632575996,heyut,0,4,保密,
484988776,1632575915,别欺负佐伊,2,4,保密,
222186921,1632575907,王者内罗毕,0,2,保密,
1174809253,1632575997,一只和咕咕,1,3,保密,记录日常吧~突然发现平时没头脑的对话那么搞笑哈哈哈哈哈哈哈哈
1808268195,1632575998,bili_72788859105,0,1,保密,
1885020131,1632575954,罪恶之源-物理,0,2,保密,
1832684968,1632575914,是老龚呀77,1,3,男,说点啥好呢？好吧
448373560,1632575914,新昊,2,4,保密,
410582380,1632575983,小筱梦神,0,0,保密,
65317299,1632575970,邢柠亦酩,1,4,保密,
1292314932,1632575947,yuantao_email,0,2,保密,
361923685,1632575941,快乐人生周和平,0,3,保密,
432281364,1632575960,星期天hyy,2,3,保密,
254514399,1632575907,苏言鄢,0,4,保密,
276182150,1632575919,ttzz啊,2,5,保密,
652652542,1632575958,theshy223,1,2,保密,
399422459,1632575975,森弦1993,1,4,保密,
372133325,1632575900,菜鸟9621,0,4,保密,
410662918,1632575895,铠甲勇士王哥,1,3,保密,
417564722,1632575886,醋味精灵宝可梦,0,4,保密,嗯嗯！你们说的对
481177063,1632575898,bili_60216386888,0,2,保密,
394607335,1632575894,jkhkfdsl,2,2,保密,
11756272,1632575897,我家有一个薯片,0,2,保密,
322383280,1632576039,许良琴弹琴,0,2,保密,
252531762,1632575901,哧溜丝了,1,5,保密,
493254640,1632576040,bili_46255376389,0,4,保密,
494708354,1632575906,墩猊豹兕,1,2,保密,三只小喵喵的妈妈，四只小喵喵的姥姥。
490649442,1632575888,bili_88411653577,1,2,保密,
35720610,1632576041,少年宇宙鱿,1,3,保密,
25887266,1632575975,mumu424,0,5,保密,
628503529,1632575894,擴可,1,0,女,
355184317,1632575925,鲜花就要开放,2,2,保密,征途漫漫，唯有奋斗。在新的征程上，我将立足乡村振兴，发展特色产业，解决好百姓的急、难、愁、盼问题，为创造更加美好的新生活而努力。
421389176,1632575924,milly-_,1,4,保密,赤子之心，乘风破浪
26239565,1632575961,原已萧萧数年,2,4,保密,我爱叶修。
670378299,1632575960,我是刘老,1,3,保密,
676563846,1632575982,采女孩的大蘑菇h,0,2,保密,
1918802072,1632575941,唯读,0,2,保密,
2080936006,1632575995,bili_27944196247,0,0,保密,
24510087,1632575927,巨大的萝卜胡头,2,5,保密,
473696925,1632575855,农民工进村,0,4,保密,
454950711,1632575851,平淡是真-__-,0,4,保密,
691860433,1632575851,南波忘晚舟,1,3,保密,
529821781,1632575965,韭菜盒子特好吃,0,4,保密,
396956870,1632575934,34986576315_bili,1,0,保密,
443172247,1632575921,二十与你zt,1,4,保密,
398720557,1632575903,落叶墨阳,1,5,男,需要救赎
28048221,1632575927,你能不能别这么酷,0,5,保密,
458078026,1632575939,kv300000f,0,4,保密,善恶到头终有报，人间正道是沧桑
432416611,1632575962,76446307152_bili,2,0,保密,
490163089,1632575907,Qz海德,0,3,男,优雅的山炮 稚嫩的大叔
383936017,1632575902,wdnmd带恶人,2,5,男,
94926003,1632575902,有生之年买台川崎z900,1,5,保密,眉头再皱 歇一歇还要走！ᕙ(⇀‸↼‵‵)ᕗ
386191797,1632575902,大大大维维维,1,4,保密,杀死一只大菜鸡儿。
485170070,1632575894,小猫吃鱼鱼吃虾米,0,4,保密,幸运是努力到拼，奇迹是坚持到底。
480513573,1632575894,吃大鱼の小虾米,0,4,保密,
17068833,1632575845,魔蝎小班,2,5,保密,
35417435,1632575900,嶙峋玉,1,5,保密,
451127835,1632575893,魂之殇矣,1,4,保密,
1939091336,1632575843,bili_45157531008,1,3,保密,
331458109,1632575845,那条鱼在乎,0,4,保密,
379096525,1632575838,49897342683_bili,0,4,保密,
1003566541,1632575851,南南南南南难死我了,0,3,保密,
76133678,1632575840,YouTube_porter,0,5,保密,
1171770715,1632575838,bili_22012526844,0,0,保密,
26298425,1632575841,云深之处有星光,2,5,保密,
661852098,1632575935,瓦特ww,0,2,保密,
2469321,1632575838,热血小利,1,5,保密,
479269665,1632575838,黑糖奶绿-,0,0,保密,
11105096,1632575846,扑尔敏-,2,5,女,
1928337321,1632575838,普通民众之一,1,3,保密,汉奸、敌特、带路党、分裂分子等一批唯恐中国不乱的妖魔鬼怪必须坚决予以消灭之
660682113,1632575838,evanZYF,2,4,保密,俩娃爹
502610770,1632575855,呵就算如果,0,3,保密,不懈努力 
670589514,1632575925,蓝色阳光1981,0,3,保密,
604629205,1632575930,蓝瑟人1,0,3,保密,
81662556,1632575920,六龙舞,0,5,保密,
368959040,1632575947,记录我平凡的一天,1,3,保密,
470181104,1632575933,海客hiker,1,3,保密,
183258822,1632575978,nike3600,2,3,保密,
13327152,1632575930,铁匠铺打铁的钱大头,2,5,保密,
14164825,1632575945,六也,2,4,保密,
173950648,1632575885,为梦而行阳,1,3,保密,
270883980,1632575880,小小鱼的老爸,0,5,保密,
260177806,1632575865,烽火戏诸侯up,0,5,保密,
374346579,1632575862,56rnvfs,0,4,保密,
249072515,1632575883,听雨楼钢子,0,4,保密,
272848877,1632575877,盲人裁判in,1,5,保密,
28844844,1632575855,hy8627369,0,4,保密,
456864801,1632575881,泥土里的小亮,0,4,保密,俗人
1177440876,1632575858,bili_82200544563,2,3,保密,
623210611,1632575883,JJBBYY,0,3,保密,
16706459,1632575874,異國迷宮的十字路口,2,6,男,苦
491973126,1632575857,山谷中的大龙虾,0,3,保密,路是我们认识世界的痕迹，走了那么久的路，更要留下你我深刻的痕迹。
624227377,1632575869,bili_50831958349,0,0,保密,
375174600,1632575871,Bitauto8262,1,4,保密,
505035741,1632575882,熬熬牛,0,2,保密,
36103303,1632575857,Rika1112,2,0,保密,
326509090,1632575937,TY三分熟,0,4,保密,
106884088,1632575996,绝世美颜裴南苇,0,3,保密,
256123,1632575933,奥林匹亚科斯,1,5,保密,平凡人的平凡一生
1826321096,1632575955,乘风破浪会有时-马上,0,2,女,后来居上，完全没有任何问题
389927,1632575925,naruto6471,2,6,保密,
1926333035,1632575945,bili_47442561226,0,2,保密,
30721004,1632575966,PangDing0516,2,4,保密,
701317553,1632575993,知和y,0,3,保密,
383345719,1632575863,影翼之光,2,3,保密,
